"ServiceName","DisplayName","StartName","StartMode","State","PathName","ExePathRaw","ArgsRaw","ParseMethod","Confidence","IsQuoted","IsMalformed","HasSpaces","FindingCount","FindingsSummary","FindingsJson","RiskScore","RiskLevel"
"AJRouter","AllJoyn Router Service","NT AUTHORITY\LocalService","Manual","Stopped","C:\Windows\system32\svchost.exe -k LocalServiceNetworkRestricted -p","C:\Windows\system32\svchost.exe","-k LocalServiceNetworkRestricted -p","UnquotedExt","High","False","False","False","0","","[]","0","None"
"ALG","Application Layer Gateway Service","NT AUTHORITY\LocalService","Manual","Stopped","C:\Windows\System32\alg.exe","C:\Windows\System32\alg.exe","","UnquotedExt","High","False","False","False","0","","[]","0","None"
"AppIDSvc","Application Identity","NT Authority\LocalService","Manual","Stopped","C:\Windows\system32\svchost.exe -k LocalServiceNetworkRestricted -p","C:\Windows\system32\svchost.exe","-k LocalServiceNetworkRestricted -p","UnquotedExt","High","False","False","False","0","","[]","0","None"
"Appinfo","Application Information","LocalSystem","Manual","Running","C:\Windows\system32\svchost.exe -k netsvcs -p","C:\Windows\system32\svchost.exe","-k netsvcs -p","UnquotedExt","High","False","False","False","0","","[]","0","None"
"AppMgmt","Application Management","LocalSystem","Manual","Stopped","C:\Windows\system32\svchost.exe -k netsvcs -p","C:\Windows\system32\svchost.exe","-k netsvcs -p","UnquotedExt","High","False","False","False","0","","[]","0","None"
"AppReadiness","App Readiness","LocalSystem","Manual","Stopped","C:\Windows\System32\svchost.exe -k AppReadiness -p","C:\Windows\System32\svchost.exe","-k AppReadiness -p","UnquotedExt","High","False","False","False","0","","[]","0","None"
"AppXSvc","AppX Deployment Service (AppXSVC)","LocalSystem","Manual","Running","C:\Windows\system32\svchost.exe -k wsappx -p","C:\Windows\system32\svchost.exe","-k wsappx -p","UnquotedExt","High","False","False","False","0","","[]","0","None"
"AssignedAccessManagerSvc","AssignedAccessManager Service","LocalSystem","Manual","Stopped","C:\Windows\system32\svchost.exe -k AssignedAccessManagerSvc","C:\Windows\system32\svchost.exe","-k AssignedAccessManagerSvc","UnquotedExt","High","False","False","False","0","","[]","0","None"
"AudioEndpointBuilder","Windows Audio Endpoint Builder","LocalSystem","Auto","Running","C:\Windows\System32\svchost.exe -k LocalSystemNetworkRestricted -p","C:\Windows\System32\svchost.exe","-k LocalSystemNetworkRestricted -p","UnquotedExt","High","False","False","False","0","","[]","0","None"
"Audiosrv","Windows Audio","NT AUTHORITY\LocalService","Auto","Running","C:\Windows\System32\svchost.exe -k LocalServiceNetworkRestricted -p","C:\Windows\System32\svchost.exe","-k LocalServiceNetworkRestricted -p","UnquotedExt","High","False","False","False","0","","[]","0","None"
"autotimesvc","Cellular Time","NT AUTHORITY\LocalService","Manual","Stopped","C:\Windows\system32\svchost.exe -k autoTimeSvc","C:\Windows\system32\svchost.exe","-k autoTimeSvc","UnquotedExt","High","False","False","False","0","","[]","0","None"
"AxInstSV","ActiveX Installer (AxInstSV)","LocalSystem","Manual","Stopped","C:\Windows\system32\svchost.exe -k AxInstSVGroup","C:\Windows\system32\svchost.exe","-k AxInstSVGroup","UnquotedExt","High","False","False","False","0","","[]","0","None"
"BDESVC","BitLocker Drive Encryption Service","localSystem","Manual","Stopped","C:\Windows\System32\svchost.exe -k netsvcs -p","C:\Windows\System32\svchost.exe","-k netsvcs -p","UnquotedExt","High","False","False","False","0","","[]","0","None"
"BFE","Base Filtering Engine","NT AUTHORITY\LocalService","Auto","Running","C:\Windows\system32\svchost.exe -k LocalServiceNoNetworkFirewall -p","C:\Windows\system32\svchost.exe","-k LocalServiceNoNetworkFirewall -p","UnquotedExt","High","False","False","False","0","","[]","0","None"
"BITS","Background Intelligent Transfer Service","LocalSystem","Auto","Running","C:\Windows\System32\svchost.exe -k netsvcs -p","C:\Windows\System32\svchost.exe","-k netsvcs -p","UnquotedExt","High","False","False","False","0","","[]","0","None"
"BrokerInfrastructure","Background Tasks Infrastructure Service","LocalSystem","Auto","Running","C:\Windows\system32\svchost.exe -k DcomLaunch -p","C:\Windows\system32\svchost.exe","-k DcomLaunch -p","UnquotedExt","High","False","False","False","0","","[]","0","None"
"BTAGService","Bluetooth Audio Gateway Service","NT AUTHORITY\LocalService","Manual","Stopped","C:\Windows\system32\svchost.exe -k LocalServiceNetworkRestricted","C:\Windows\system32\svchost.exe","-k LocalServiceNetworkRestricted","UnquotedExt","High","False","False","False","0","","[]","0","None"
"BthAvctpSvc","AVCTP service","NT AUTHORITY\LocalService","Manual","Running","C:\Windows\system32\svchost.exe -k LocalService -p","C:\Windows\system32\svchost.exe","-k LocalService -p","UnquotedExt","High","False","False","False","0","","[]","0","None"
"bthserv","Bluetooth Support Service","NT AUTHORITY\LocalService","Manual","Stopped","C:\Windows\system32\svchost.exe -k LocalService -p","C:\Windows\system32\svchost.exe","-k LocalService -p","UnquotedExt","High","False","False","False","0","","[]","0","None"
"camsvc","Capability Access Manager Service","LocalSystem","Manual","Running","C:\Windows\system32\svchost.exe -k appmodel -p","C:\Windows\system32\svchost.exe","-k appmodel -p","UnquotedExt","High","False","False","False","0","","[]","0","None"
"CDPSvc","Connected Devices Platform Service","NT AUTHORITY\LocalService","Auto","Running","C:\Windows\system32\svchost.exe -k LocalService -p","C:\Windows\system32\svchost.exe","-k LocalService -p","UnquotedExt","High","False","False","False","0","","[]","0","None"
"CertPropSvc","Certificate Propagation","LocalSystem","Manual","Stopped","C:\Windows\system32\svchost.exe -k netsvcs","C:\Windows\system32\svchost.exe","-k netsvcs","UnquotedExt","High","False","False","False","0","","[]","0","None"
"ClipSVC","Client License Service (ClipSVC)","LocalSystem","Manual","Stopped","C:\Windows\System32\svchost.exe -k wsappx -p","C:\Windows\System32\svchost.exe","-k wsappx -p","UnquotedExt","High","False","False","False","0","","[]","0","None"
"cloudidsvc","Microsoft Cloud Identity Service","NT AUTHORITY\NetworkService","Manual","Stopped","C:\Windows\system32\svchost.exe -k CloudIdServiceGroup -p","C:\Windows\system32\svchost.exe","-k CloudIdServiceGroup -p","UnquotedExt","High","False","False","False","0","","[]","0","None"
"COMSysApp","COM+ System Application","LocalSystem","Manual","Stopped","C:\Windows\system32\dllhost.exe /Processid:{02D4B3F1-FD88-11D1-960D-00805FC79235}","C:\Windows\system32\dllhost.exe","/Processid:{02D4B3F1-FD88-11D1-960D-00805FC79235}","UnquotedExt","High","False","False","False","0","","[]","0","None"
"CoreMessagingRegistrar","CoreMessaging","NT AUTHORITY\LocalService","Auto","Running","C:\Windows\system32\svchost.exe -k LocalServiceNoNetwork -p","C:\Windows\system32\svchost.exe","-k LocalServiceNoNetwork -p","UnquotedExt","High","False","False","False","0","","[]","0","None"
"CryptSvc","Cryptographic Services","NT Authority\NetworkService","Auto","Running","C:\Windows\system32\svchost.exe -k NetworkService -p","C:\Windows\system32\svchost.exe","-k NetworkService -p","UnquotedExt","High","False","False","False","0","","[]","0","None"
"CscService","Offline Files","LocalSystem","Manual","Stopped","C:\Windows\System32\svchost.exe -k LocalSystemNetworkRestricted -p","C:\Windows\System32\svchost.exe","-k LocalSystemNetworkRestricted -p","UnquotedExt","High","False","False","False","0","","[]","0","None"
"DcomLaunch","DCOM Server Process Launcher","LocalSystem","Auto","Running","C:\Windows\system32\svchost.exe -k DcomLaunch -p","C:\Windows\system32\svchost.exe","-k DcomLaunch -p","UnquotedExt","High","False","False","False","0","","[]","0","None"
"dcsvc","dcsvc","LocalSystem","Manual","Stopped","C:\Windows\system32\svchost.exe -k netsvcs -p","C:\Windows\system32\svchost.exe","-k netsvcs -p","UnquotedExt","High","False","False","False","0","","[]","0","None"
"defragsvc","Optimize drives","localSystem","Manual","Stopped","C:\Windows\system32\svchost.exe -k defragsvc","C:\Windows\system32\svchost.exe","-k defragsvc","UnquotedExt","High","False","False","False","0","","[]","0","None"
"DeviceAssociationService","Device Association Service","LocalSystem","Manual","Stopped","C:\Windows\system32\svchost.exe -k LocalSystemNetworkRestricted -p","C:\Windows\system32\svchost.exe","-k LocalSystemNetworkRestricted -p","UnquotedExt","High","False","False","False","0","","[]","0","None"
"DeviceInstall","Device Install Service","LocalSystem","Manual","Running","C:\Windows\system32\svchost.exe -k DcomLaunch -p","C:\Windows\system32\svchost.exe","-k DcomLaunch -p","UnquotedExt","High","False","False","False","0","","[]","0","None"
"DevQueryBroker","DevQuery Background Discovery Broker","LocalSystem","Manual","Stopped","C:\Windows\system32\svchost.exe -k LocalSystemNetworkRestricted -p","C:\Windows\system32\svchost.exe","-k LocalSystemNetworkRestricted -p","UnquotedExt","High","False","False","False","0","","[]","0","None"
"Dhcp","DHCP Client","NT Authority\LocalService","Auto","Running","C:\Windows\system32\svchost.exe -k LocalServiceNetworkRestricted -p","C:\Windows\system32\svchost.exe","-k LocalServiceNetworkRestricted -p","UnquotedExt","High","False","False","False","0","","[]","0","None"
"diagnosticshub.standardcollector.service","Microsoft (R) Diagnostics Hub Standard Collector Service","LocalSystem","Manual","Stopped","C:\Windows\system32\DiagSvcs\DiagnosticsHub.StandardCollector.Service.exe","C:\Windows\system32\DiagSvcs\DiagnosticsHub.StandardCollector.Service.exe","","UnquotedExt","High","False","False","False","0","","[]","0","None"
"diagsvc","Diagnostic Execution Service","LocalSystem","Manual","Stopped","C:\Windows\System32\svchost.exe -k diagnostics","C:\Windows\System32\svchost.exe","-k diagnostics","UnquotedExt","High","False","False","False","0","","[]","0","None"
"DiagTrack","Connected User Experiences and Telemetry","LocalSystem","Auto","Running","C:\Windows\System32\svchost.exe -k utcsvc -p","C:\Windows\System32\svchost.exe","-k utcsvc -p","UnquotedExt","High","False","False","False","0","","[]","0","None"
"DispBrokerDesktopSvc","Display Policy Service","NT AUTHORITY\LocalService","Auto","Running","C:\Windows\system32\svchost.exe -k LocalService -p","C:\Windows\system32\svchost.exe","-k LocalService -p","UnquotedExt","High","False","False","False","0","","[]","0","None"
"DisplayEnhancementService","Display Enhancement Service","LocalSystem","Manual","Stopped","C:\Windows\system32\svchost.exe -k LocalSystemNetworkRestricted -p","C:\Windows\system32\svchost.exe","-k LocalSystemNetworkRestricted -p","UnquotedExt","High","False","False","False","0","","[]","0","None"
"DmEnrollmentSvc","Device Management Enrollment Service","LocalSystem","Manual","Stopped","C:\Windows\system32\svchost.exe -k netsvcs -p","C:\Windows\system32\svchost.exe","-k netsvcs -p","UnquotedExt","High","False","False","False","0","","[]","0","None"
"dmwappushservice","Device Management Wireless Application Protocol (WAP) Push message Routing Service","LocalSystem","Manual","Stopped","C:\Windows\system32\svchost.exe -k netsvcs -p","C:\Windows\system32\svchost.exe","-k netsvcs -p","UnquotedExt","High","False","False","False","0","","[]","0","None"
"Dnscache","DNS Client","NT AUTHORITY\NetworkService","Auto","Running","C:\Windows\system32\svchost.exe -k NetworkService -p","C:\Windows\system32\svchost.exe","-k NetworkService -p","UnquotedExt","High","False","False","False","0","","[]","0","None"
"DoSvc","Delivery Optimization","NT Authority\NetworkService","Auto","Running","C:\Windows\System32\svchost.exe -k NetworkService -p","C:\Windows\System32\svchost.exe","-k NetworkService -p","UnquotedExt","High","False","False","False","0","","[]","0","None"
"dot3svc","Wired AutoConfig","localSystem","Manual","Stopped","C:\Windows\system32\svchost.exe -k LocalSystemNetworkRestricted -p","C:\Windows\system32\svchost.exe","-k LocalSystemNetworkRestricted -p","UnquotedExt","High","False","False","False","0","","[]","0","None"
"DPS","Diagnostic Policy Service","NT AUTHORITY\LocalService","Auto","Running","C:\Windows\System32\svchost.exe -k LocalServiceNoNetwork -p","C:\Windows\System32\svchost.exe","-k LocalServiceNoNetwork -p","UnquotedExt","High","False","False","False","0","","[]","0","None"
"DsmSvc","Device Setup Manager","LocalSystem","Manual","Running","C:\Windows\system32\svchost.exe -k netsvcs -p","C:\Windows\system32\svchost.exe","-k netsvcs -p","UnquotedExt","High","False","False","False","0","","[]","0","None"
"DsSvc","Data Sharing Service","LocalSystem","Manual","Stopped","C:\Windows\System32\svchost.exe -k LocalSystemNetworkRestricted -p","C:\Windows\System32\svchost.exe","-k LocalSystemNetworkRestricted -p","UnquotedExt","High","False","False","False","0","","[]","0","None"
"DusmSvc","Data Usage","NT Authority\LocalService","Auto","Running","C:\Windows\System32\svchost.exe -k LocalServiceNetworkRestricted -p","C:\Windows\System32\svchost.exe","-k LocalServiceNetworkRestricted -p","UnquotedExt","High","False","False","False","0","","[]","0","None"
"Eaphost","Extensible Authentication Protocol","localSystem","Manual","Stopped","C:\Windows\System32\svchost.exe -k netsvcs -p","C:\Windows\System32\svchost.exe","-k netsvcs -p","UnquotedExt","High","False","False","False","0","","[]","0","None"
"edgeupdate","Microsoft Edge Update Service (edgeupdate)","LocalSystem","Auto","Stopped","""C:\Program Files (x86)\Microsoft\EdgeUpdate\MicrosoftEdgeUpdate.exe"" /svc","C:\Program Files (x86)\Microsoft\EdgeUpdate\MicrosoftEdgeUpdate.exe","/svc","Quoted","High","True","False","True","0","","[]","0","None"
"edgeupdatem","Microsoft Edge Update Service (edgeupdatem)","LocalSystem","Manual","Stopped","""C:\Program Files (x86)\Microsoft\EdgeUpdate\MicrosoftEdgeUpdate.exe"" /medsvc","C:\Program Files (x86)\Microsoft\EdgeUpdate\MicrosoftEdgeUpdate.exe","/medsvc","Quoted","High","True","False","True","0","","[]","0","None"
"EFS","Encrypting File System (EFS)","LocalSystem","Manual","Stopped","C:\Windows\System32\lsass.exe","C:\Windows\System32\lsass.exe","","UnquotedExt","High","False","False","False","0","","[]","0","None"
"embeddedmode","Embedded Mode","LocalSystem","Manual","Stopped","C:\Windows\System32\svchost.exe -k LocalSystemNetworkRestricted -p","C:\Windows\System32\svchost.exe","-k LocalSystemNetworkRestricted -p","UnquotedExt","High","False","False","False","0","","[]","0","None"
"EntAppSvc","Enterprise App Management Service","LocalSystem","Manual","Stopped","C:\Windows\system32\svchost.exe -k appmodel -p","C:\Windows\system32\svchost.exe","-k appmodel -p","UnquotedExt","High","False","False","False","0","","[]","0","None"
"EventLog","Windows Event Log","NT AUTHORITY\LocalService","Auto","Running","C:\Windows\System32\svchost.exe -k LocalServiceNetworkRestricted -p","C:\Windows\System32\svchost.exe","-k LocalServiceNetworkRestricted -p","UnquotedExt","High","False","False","False","0","","[]","0","None"
"EventSystem","COM+ Event System","NT AUTHORITY\LocalService","Auto","Running","C:\Windows\system32\svchost.exe -k LocalService -p","C:\Windows\system32\svchost.exe","-k LocalService -p","UnquotedExt","High","False","False","False","0","","[]","0","None"
"Fax","Fax","NT AUTHORITY\NetworkService","Manual","Stopped","C:\Windows\system32\fxssvc.exe","C:\Windows\system32\fxssvc.exe","","UnquotedExt","High","False","False","False","0","","[]","0","None"
"fdPHost","Function Discovery Provider Host","NT AUTHORITY\LocalService","Manual","Stopped","C:\Windows\system32\svchost.exe -k LocalService -p","C:\Windows\system32\svchost.exe","-k LocalService -p","UnquotedExt","High","False","False","False","0","","[]","0","None"
"FDResPub","Function Discovery Resource Publication","NT AUTHORITY\LocalService","Manual","Stopped","C:\Windows\system32\svchost.exe -k LocalServiceAndNoImpersonation -p","C:\Windows\system32\svchost.exe","-k LocalServiceAndNoImpersonation -p","UnquotedExt","High","False","False","False","0","","[]","0","None"
"fhsvc","File History Service","LocalSystem","Manual","Stopped","C:\Windows\system32\svchost.exe -k LocalSystemNetworkRestricted -p","C:\Windows\system32\svchost.exe","-k LocalSystemNetworkRestricted -p","UnquotedExt","High","False","False","False","0","","[]","0","None"
"FontCache","Windows Font Cache Service","NT AUTHORITY\LocalService","Auto","Running","C:\Windows\system32\svchost.exe -k LocalService -p","C:\Windows\system32\svchost.exe","-k LocalService -p","UnquotedExt","High","False","False","False","0","","[]","0","None"
"FrameServer","Windows Camera Frame Server","LocalSystem","Manual","Stopped","C:\Windows\System32\svchost.exe -k Camera","C:\Windows\System32\svchost.exe","-k Camera","UnquotedExt","High","False","False","False","0","","[]","0","None"
"GameInputSvc","GameInput Service","LocalSystem","Manual","Stopped","C:\Windows\System32\GameInputSvc.exe","C:\Windows\System32\GameInputSvc.exe","","UnquotedExt","High","False","False","False","0","","[]","0","None"
"gpsvc","Group Policy Client","LocalSystem","Auto","Running","C:\Windows\system32\svchost.exe -k netsvcs -p","C:\Windows\system32\svchost.exe","-k netsvcs -p","UnquotedExt","High","False","False","False","0","","[]","0","None"
"GraphicsPerfSvc","GraphicsPerfSvc","LocalSystem","Manual","Stopped","C:\Windows\System32\svchost.exe -k GraphicsPerfSvcGroup","C:\Windows\System32\svchost.exe","-k GraphicsPerfSvcGroup","UnquotedExt","High","False","False","False","0","","[]","0","None"
"hidserv","Human Interface Device Service","LocalSystem","Manual","Stopped","C:\Windows\system32\svchost.exe -k LocalSystemNetworkRestricted -p","C:\Windows\system32\svchost.exe","-k LocalSystemNetworkRestricted -p","UnquotedExt","High","False","False","False","0","","[]","0","None"
"HvHost","HV Host Service","LocalSystem","Manual","Stopped","C:\Windows\system32\svchost.exe -k LocalSystemNetworkRestricted -p","C:\Windows\system32\svchost.exe","-k LocalSystemNetworkRestricted -p","UnquotedExt","High","False","False","False","0","","[]","0","None"
"icssvc","Windows Mobile Hotspot Service","NT Authority\LocalService","Manual","Stopped","C:\Windows\system32\svchost.exe -k LocalServiceNetworkRestricted -p","C:\Windows\system32\svchost.exe","-k LocalServiceNetworkRestricted -p","UnquotedExt","High","False","False","False","0","","[]","0","None"
"IKEEXT","IKE and AuthIP IPsec Keying Modules","LocalSystem","Manual","Stopped","C:\Windows\system32\svchost.exe -k netsvcs -p","C:\Windows\system32\svchost.exe","-k netsvcs -p","UnquotedExt","High","False","False","False","0","","[]","0","None"
"InstallService","Microsoft Store Install Service","LocalSystem","Manual","Running","C:\Windows\System32\svchost.exe -k netsvcs -p","C:\Windows\System32\svchost.exe","-k netsvcs -p","UnquotedExt","High","False","False","False","0","","[]","0","None"
"iphlpsvc","IP Helper","LocalSystem","Auto","Running","C:\Windows\System32\svchost.exe -k NetSvcs -p","C:\Windows\System32\svchost.exe","-k NetSvcs -p","UnquotedExt","High","False","False","False","0","","[]","0","None"
"IpxlatCfgSvc","IP Translation Configuration Service","LocalSystem","Manual","Stopped","C:\Windows\System32\svchost.exe -k LocalSystemNetworkRestricted -p","C:\Windows\System32\svchost.exe","-k LocalSystemNetworkRestricted -p","UnquotedExt","High","False","False","False","0","","[]","0","None"
"KeyIso","CNG Key Isolation","LocalSystem","Manual","Running","C:\Windows\system32\lsass.exe","C:\Windows\system32\lsass.exe","","UnquotedExt","High","False","False","False","0","","[]","0","None"
"KtmRm","KtmRm for Distributed Transaction Coordinator","NT AUTHORITY\NetworkService","Manual","Stopped","C:\Windows\System32\svchost.exe -k NetworkServiceAndNoImpersonation -p","C:\Windows\System32\svchost.exe","-k NetworkServiceAndNoImpersonation -p","UnquotedExt","High","False","False","False","0","","[]","0","None"
"LanmanServer","Server","LocalSystem","Auto","Running","C:\Windows\system32\svchost.exe -k netsvcs -p","C:\Windows\system32\svchost.exe","-k netsvcs -p","UnquotedExt","High","False","False","False","0","","[]","0","None"
"LanmanWorkstation","Workstation","NT AUTHORITY\NetworkService","Auto","Running","C:\Windows\System32\svchost.exe -k NetworkService -p","C:\Windows\System32\svchost.exe","-k NetworkService -p","UnquotedExt","High","False","False","False","0","","[]","0","None"
"lfsvc","Geolocation Service","LocalSystem","Manual","Running","C:\Windows\system32\svchost.exe -k netsvcs -p","C:\Windows\system32\svchost.exe","-k netsvcs -p","UnquotedExt","High","False","False","False","0","","[]","0","None"
"LicenseManager","Windows License Manager Service","NT Authority\LocalService","Manual","Running","C:\Windows\System32\svchost.exe -k LocalService -p","C:\Windows\System32\svchost.exe","-k LocalService -p","UnquotedExt","High","False","False","False","0","","[]","0","None"
"lltdsvc","Link-Layer Topology Discovery Mapper","NT AUTHORITY\LocalService","Manual","Stopped","C:\Windows\System32\svchost.exe -k LocalService -p","C:\Windows\System32\svchost.exe","-k LocalService -p","UnquotedExt","High","False","False","False","0","","[]","0","None"
"lmhosts","TCP/IP NetBIOS Helper","NT AUTHORITY\LocalService","Manual","Running","C:\Windows\System32\svchost.exe -k LocalServiceNetworkRestricted -p","C:\Windows\System32\svchost.exe","-k LocalServiceNetworkRestricted -p","UnquotedExt","High","False","False","False","0","","[]","0","None"
"LSM","LSM",,"Unknown","Running",,,,"Empty","Low","False","False","False","1","MissingImagePath:Low","{""Rule"":""MissingImagePath"",""Severity"":""Low"",""Category"":""Parsing"",""Evidence"":""Service ImagePath is empty or null"",""Recommendation"":""Verify service configuration and registry ImagePath value.""}","5","Low"
"LxpSvc","Language Experience Service","LocalSystem","Manual","Stopped","C:\Windows\system32\svchost.exe -k netsvcs","C:\Windows\system32\svchost.exe","-k netsvcs","UnquotedExt","High","False","False","False","0","","[]","0","None"
"MapsBroker","Downloaded Maps Manager","NT AUTHORITY\NetworkService","Auto","Stopped","C:\Windows\System32\svchost.exe -k NetworkService -p","C:\Windows\System32\svchost.exe","-k NetworkService -p","UnquotedExt","High","False","False","False","0","","[]","0","None"
"McpManagementService","McpManagementService","LocalSystem","Manual","Stopped","C:\Windows\system32\svchost.exe -k McpManagementServiceGroup","C:\Windows\system32\svchost.exe","-k McpManagementServiceGroup","UnquotedExt","High","False","False","False","0","","[]","0","None"
"MicrosoftEdgeElevationService","Microsoft Edge Elevation Service (MicrosoftEdgeElevationService)","LocalSystem","Manual","Stopped","""C:\Program Files (x86)\Microsoft\Edge\Application\143.0.3650.96\elevation_service.exe""","C:\Program Files (x86)\Microsoft\Edge\Application\143.0.3650.96\elevation_service.exe","","Quoted","High","True","False","True","0","","[]","0","None"
"MixedRealityOpenXRSvc","Windows Mixed Reality OpenXR Service","LocalSystem","Manual","Stopped","C:\Windows\system32\svchost.exe -k LocalSystemNetworkRestricted -p","C:\Windows\system32\svchost.exe","-k LocalSystemNetworkRestricted -p","UnquotedExt","High","False","False","False","0","","[]","0","None"
"mpssvc","Windows Defender Firewall","NT Authority\LocalService","Auto","Running","C:\Windows\system32\svchost.exe -k LocalServiceNoNetworkFirewall -p","C:\Windows\system32\svchost.exe","-k LocalServiceNoNetworkFirewall -p","UnquotedExt","High","False","False","False","0","","[]","0","None"
"MSDTC","Distributed Transaction Coordinator","NT AUTHORITY\NetworkService","Manual","Stopped","C:\Windows\System32\msdtc.exe","C:\Windows\System32\msdtc.exe","","UnquotedExt","High","False","False","False","0","","[]","0","None"
"MSiSCSI","Microsoft iSCSI Initiator Service","LocalSystem","Manual","Stopped","C:\Windows\system32\svchost.exe -k netsvcs -p","C:\Windows\system32\svchost.exe","-k netsvcs -p","UnquotedExt","High","False","False","False","0","","[]","0","None"
"msiserver","Windows Installer","LocalSystem","Manual","Running","C:\Windows\system32\msiexec.exe /V","C:\Windows\system32\msiexec.exe","/V","UnquotedExt","High","False","False","False","0","","[]","0","None"
"NaturalAuthentication","Natural Authentication","LocalSystem","Manual","Stopped","C:\Windows\system32\svchost.exe -k netsvcs -p","C:\Windows\system32\svchost.exe","-k netsvcs -p","UnquotedExt","High","False","False","False","0","","[]","0","None"
"NcaSvc","Network Connectivity Assistant","LocalSystem","Manual","Stopped","C:\Windows\System32\svchost.exe -k NetSvcs -p","C:\Windows\System32\svchost.exe","-k NetSvcs -p","UnquotedExt","High","False","False","False","0","","[]","0","None"
"NcbService","Network Connection Broker","LocalSystem","Manual","Running","C:\Windows\System32\svchost.exe -k LocalSystemNetworkRestricted -p","C:\Windows\System32\svchost.exe","-k LocalSystemNetworkRestricted -p","UnquotedExt","High","False","False","False","0","","[]","0","None"
"NcdAutoSetup","Network Connected Devices Auto-Setup","NT AUTHORITY\LocalService","Manual","Stopped","C:\Windows\System32\svchost.exe -k LocalServiceNoNetwork -p","C:\Windows\System32\svchost.exe","-k LocalServiceNoNetwork -p","UnquotedExt","High","False","False","False","0","","[]","0","None"
"Netlogon","Netlogon","LocalSystem","Manual","Stopped","C:\Windows\system32\lsass.exe","C:\Windows\system32\lsass.exe","","UnquotedExt","High","False","False","False","0","","[]","0","None"
"Netman","Network Connections","LocalSystem","Manual","Stopped","C:\Windows\System32\svchost.exe -k LocalSystemNetworkRestricted -p","C:\Windows\System32\svchost.exe","-k LocalSystemNetworkRestricted -p","UnquotedExt","High","False","False","False","0","","[]","0","None"
"netprofm","Network List Service","NT AUTHORITY\LocalService","Manual","Running","C:\Windows\System32\svchost.exe -k LocalService -p","C:\Windows\System32\svchost.exe","-k LocalService -p","UnquotedExt","High","False","False","False","0","","[]","0","None"
"NetSetupSvc","NetSetupSvc",,"Unknown","Stopped",,,,"Empty","Low","False","False","False","1","MissingImagePath:Low","{""Rule"":""MissingImagePath"",""Severity"":""Low"",""Category"":""Parsing"",""Evidence"":""Service ImagePath is empty or null"",""Recommendation"":""Verify service configuration and registry ImagePath value.""}","5","Low"
"NgcCtnrSvc","Microsoft Passport Container","NT AUTHORITY\LocalService","Manual","Stopped","C:\Windows\system32\svchost.exe -k LocalServiceNetworkRestricted -p","C:\Windows\system32\svchost.exe","-k LocalServiceNetworkRestricted -p","UnquotedExt","High","False","False","False","0","","[]","0","None"
"NgcSvc","Microsoft Passport","LocalSystem","Manual","Stopped","C:\Windows\system32\svchost.exe -k LocalSystemNetworkRestricted -p","C:\Windows\system32\svchost.exe","-k LocalSystemNetworkRestricted -p","UnquotedExt","High","False","False","False","0","","[]","0","None"
"NlaSvc","Network Location Awareness","NT AUTHORITY\NetworkService","Auto","Running","C:\Windows\System32\svchost.exe -k NetworkService -p","C:\Windows\System32\svchost.exe","-k NetworkService -p","UnquotedExt","High","False","False","False","0","","[]","0","None"
"nsi","Network Store Interface Service","NT Authority\LocalService","Auto","Running","C:\Windows\system32\svchost.exe -k LocalService -p","C:\Windows\system32\svchost.exe","-k LocalService -p","UnquotedExt","High","False","False","False","0","","[]","0","None"
"p2pimsvc","Peer Networking Identity Manager","NT AUTHORITY\LocalService","Manual","Stopped","C:\Windows\System32\svchost.exe -k LocalServicePeerNet","C:\Windows\System32\svchost.exe","-k LocalServicePeerNet","UnquotedExt","High","False","False","False","0","","[]","0","None"
"p2psvc","Peer Networking Grouping","NT AUTHORITY\LocalService","Manual","Stopped","C:\Windows\System32\svchost.exe -k LocalServicePeerNet","C:\Windows\System32\svchost.exe","-k LocalServicePeerNet","UnquotedExt","High","False","False","False","0","","[]","0","None"
"PcaSvc","Program Compatibility Assistant Service","LocalSystem","Manual","Running","C:\Windows\system32\svchost.exe -k LocalSystemNetworkRestricted -p","C:\Windows\system32\svchost.exe","-k LocalSystemNetworkRestricted -p","UnquotedExt","High","False","False","False","0","","[]","0","None"
"PeerDistSvc","BranchCache","NT AUTHORITY\NetworkService","Manual","Stopped","C:\Windows\System32\svchost.exe -k PeerDist","C:\Windows\System32\svchost.exe","-k PeerDist","UnquotedExt","High","False","False","False","0","","[]","0","None"
"perceptionsimulation","Windows Perception Simulation Service","LocalSystem","Manual","Stopped","C:\Windows\system32\PerceptionSimulation\PerceptionSimulationService.exe","C:\Windows\system32\PerceptionSimulation\PerceptionSimulationService.exe","","UnquotedExt","High","False","False","False","0","","[]","0","None"
"PerfHost","Performance Counter DLL Host","NT AUTHORITY\LocalService","Manual","Stopped","C:\Windows\SysWow64\perfhost.exe","C:\Windows\SysWow64\perfhost.exe","","UnquotedExt","High","False","False","False","0","","[]","0","None"
"PhoneSvc","Phone Service","NT Authority\LocalService","Manual","Stopped","C:\Windows\system32\svchost.exe -k LocalService -p","C:\Windows\system32\svchost.exe","-k LocalService -p","UnquotedExt","High","False","False","False","0","","[]","0","None"
"pla","Performance Logs & Alerts","NT AUTHORITY\LocalService","Manual","Stopped","C:\Windows\System32\svchost.exe -k LocalServiceNoNetwork -p","C:\Windows\System32\svchost.exe","-k LocalServiceNoNetwork -p","UnquotedExt","High","False","False","False","0","","[]","0","None"
"PlugPlay","Plug and Play","LocalSystem","Manual","Running","C:\Windows\system32\svchost.exe -k DcomLaunch -p","C:\Windows\system32\svchost.exe","-k DcomLaunch -p","UnquotedExt","High","False","False","False","0","","[]","0","None"
"PNRPAutoReg","PNRP Machine Name Publication Service","NT AUTHORITY\LocalService","Manual","Stopped","C:\Windows\System32\svchost.exe -k LocalServicePeerNet","C:\Windows\System32\svchost.exe","-k LocalServicePeerNet","UnquotedExt","High","False","False","False","0","","[]","0","None"
"PNRPsvc","Peer Name Resolution Protocol","NT AUTHORITY\LocalService","Manual","Stopped","C:\Windows\System32\svchost.exe -k LocalServicePeerNet","C:\Windows\System32\svchost.exe","-k LocalServicePeerNet","UnquotedExt","High","False","False","False","0","","[]","0","None"
"PolicyAgent","IPsec Policy Agent","NT Authority\NetworkService","Manual","Running","C:\Windows\system32\svchost.exe -k NetworkServiceNetworkRestricted -p","C:\Windows\system32\svchost.exe","-k NetworkServiceNetworkRestricted -p","UnquotedExt","High","False","False","False","0","","[]","0","None"
"Power","Power","LocalSystem","Auto","Running","C:\Windows\system32\svchost.exe -k DcomLaunch -p","C:\Windows\system32\svchost.exe","-k DcomLaunch -p","UnquotedExt","High","False","False","False","0","","[]","0","None"
"PrintNotify","Printer Extensions and Notifications","LocalSystem","Manual","Stopped","C:\Windows\system32\svchost.exe -k print","C:\Windows\system32\svchost.exe","-k print","UnquotedExt","High","False","False","False","0","","[]","0","None"
"ProfSvc","User Profile Service","LocalSystem","Auto","Running","C:\Windows\system32\svchost.exe -k netsvcs -p","C:\Windows\system32\svchost.exe","-k netsvcs -p","UnquotedExt","High","False","False","False","0","","[]","0","None"
"PushToInstall","Windows PushToInstall Service","LocalSystem","Manual","Stopped","C:\Windows\System32\svchost.exe -k netsvcs -p","C:\Windows\System32\svchost.exe","-k netsvcs -p","UnquotedExt","High","False","False","False","0","","[]","0","None"
"QWAVE","Quality Windows Audio Video Experience","NT AUTHORITY\LocalService","Manual","Stopped","C:\Windows\system32\svchost.exe -k LocalServiceAndNoImpersonation -p","C:\Windows\system32\svchost.exe","-k LocalServiceAndNoImpersonation -p","UnquotedExt","High","False","False","False","0","","[]","0","None"
"RasAuto","Remote Access Auto Connection Manager","localSystem","Manual","Stopped","C:\Windows\System32\svchost.exe -k netsvcs -p","C:\Windows\System32\svchost.exe","-k netsvcs -p","UnquotedExt","High","False","False","False","0","","[]","0","None"
"RasMan","Remote Access Connection Manager","localSystem","Manual","Stopped","C:\Windows\System32\svchost.exe -k netsvcs","C:\Windows\System32\svchost.exe","-k netsvcs","UnquotedExt","High","False","False","False","0","","[]","0","None"
"RetailDemo","Retail Demo Service","LocalSystem","Manual","Stopped","C:\Windows\System32\svchost.exe -k rdxgroup","C:\Windows\System32\svchost.exe","-k rdxgroup","UnquotedExt","High","False","False","False","0","","[]","0","None"
"RmSvc","Radio Management Service","NT AUTHORITY\LocalService","Manual","Running","C:\Windows\System32\svchost.exe -k LocalServiceNetworkRestricted","C:\Windows\System32\svchost.exe","-k LocalServiceNetworkRestricted","UnquotedExt","High","False","False","False","0","","[]","0","None"
"RpcEptMapper","RPC Endpoint Mapper","NT AUTHORITY\NetworkService","Auto","Running","C:\Windows\system32\svchost.exe -k RPCSS -p","C:\Windows\system32\svchost.exe","-k RPCSS -p","UnquotedExt","High","False","False","False","0","","[]","0","None"
"RpcLocator","Remote Procedure Call (RPC) Locator","NT AUTHORITY\NetworkService","Manual","Stopped","C:\Windows\system32\locator.exe","C:\Windows\system32\locator.exe","","UnquotedExt","High","False","False","False","0","","[]","0","None"
"RpcSs","Remote Procedure Call (RPC)","NT AUTHORITY\NetworkService","Auto","Running","C:\Windows\system32\svchost.exe -k rpcss -p","C:\Windows\system32\svchost.exe","-k rpcss -p","UnquotedExt","High","False","False","False","0","","[]","0","None"
"SamSs","Security Accounts Manager","LocalSystem","Auto","Running","C:\Windows\system32\lsass.exe","C:\Windows\system32\lsass.exe","","UnquotedExt","High","False","False","False","0","","[]","0","None"
"SCardSvr","Smart Card","NT AUTHORITY\LocalService","Manual","Stopped","C:\Windows\system32\svchost.exe -k LocalServiceAndNoImpersonation","C:\Windows\system32\svchost.exe","-k LocalServiceAndNoImpersonation","UnquotedExt","High","False","False","False","0","","[]","0","None"
"ScDeviceEnum","Smart Card Device Enumeration Service","LocalSystem","Manual","Stopped","C:\Windows\system32\svchost.exe -k LocalSystemNetworkRestricted","C:\Windows\system32\svchost.exe","-k LocalSystemNetworkRestricted","UnquotedExt","High","False","False","False","0","","[]","0","None"
"Schedule","Task Scheduler","LocalSystem","Auto","Running","C:\Windows\system32\svchost.exe -k netsvcs -p","C:\Windows\system32\svchost.exe","-k netsvcs -p","UnquotedExt","High","False","False","False","0","","[]","0","None"
"SCPolicySvc","Smart Card Removal Policy","LocalSystem","Manual","Stopped","C:\Windows\system32\svchost.exe -k netsvcs","C:\Windows\system32\svchost.exe","-k netsvcs","UnquotedExt","High","False","False","False","0","","[]","0","None"
"SDRSVC","Windows Backup","localSystem","Manual","Stopped","C:\Windows\system32\svchost.exe -k SDRSVC","C:\Windows\system32\svchost.exe","-k SDRSVC","UnquotedExt","High","False","False","False","0","","[]","0","None"
"seclogon","Secondary Logon","LocalSystem","Manual","Stopped","C:\Windows\system32\svchost.exe -k netsvcs -p","C:\Windows\system32\svchost.exe","-k netsvcs -p","UnquotedExt","High","False","False","False","0","","[]","0","None"
"SecurityHealthService","Windows Security Service","LocalSystem","Manual","Running","C:\Windows\system32\SecurityHealthService.exe","C:\Windows\system32\SecurityHealthService.exe","","UnquotedExt","High","False","False","False","0","","[]","0","None"
"SEMgrSvc","Payments and NFC/SE Manager","NT AUTHORITY\LocalService","Manual","Running","C:\Windows\system32\svchost.exe -k LocalService -p","C:\Windows\system32\svchost.exe","-k LocalService -p","UnquotedExt","High","False","False","False","0","","[]","0","None"
"SENS","System Event Notification Service","LocalSystem","Auto","Running","C:\Windows\system32\svchost.exe -k netsvcs -p","C:\Windows\system32\svchost.exe","-k netsvcs -p","UnquotedExt","High","False","False","False","0","","[]","0","None"
"Sense","Windows Defender Advanced Threat Protection Service","LocalSystem","Manual","Stopped","""C:\Program Files\Windows Defender Advanced Threat Protection\MsSense.exe""","C:\Program Files\Windows Defender Advanced Threat Protection\MsSense.exe","","Quoted","High","True","False","True","0","","[]","0","None"
"SensorDataService","Sensor Data Service","LocalSystem","Manual","Stopped","C:\Windows\System32\SensorDataService.exe","C:\Windows\System32\SensorDataService.exe","","UnquotedExt","High","False","False","False","0","","[]","0","None"
"SensorService","Sensor Service","LocalSystem","Manual","Stopped","C:\Windows\system32\svchost.exe -k LocalSystemNetworkRestricted -p","C:\Windows\system32\svchost.exe","-k LocalSystemNetworkRestricted -p","UnquotedExt","High","False","False","False","0","","[]","0","None"
"SensrSvc","Sensor Monitoring Service","NT AUTHORITY\LocalService","Manual","Stopped","C:\Windows\system32\svchost.exe -k LocalServiceAndNoImpersonation -p","C:\Windows\system32\svchost.exe","-k LocalServiceAndNoImpersonation -p","UnquotedExt","High","False","False","False","0","","[]","0","None"
"SessionEnv","Remote Desktop Configuration","localSystem","Manual","Stopped","C:\Windows\System32\svchost.exe -k netsvcs -p","C:\Windows\System32\svchost.exe","-k netsvcs -p","UnquotedExt","High","False","False","False","0","","[]","0","None"
"SgrmBroker","System Guard Runtime Monitor Broker","LocalSystem","Auto","Running","C:\Windows\system32\SgrmBroker.exe","C:\Windows\system32\SgrmBroker.exe","","UnquotedExt","High","False","False","False","0","","[]","0","None"
"SharedAccess","Internet Connection Sharing (ICS)","LocalSystem","Manual","Stopped","C:\Windows\System32\svchost.exe -k netsvcs -p","C:\Windows\System32\svchost.exe","-k netsvcs -p","UnquotedExt","High","False","False","False","0","","[]","0","None"
"SharedRealitySvc","Spatial Data Service","NT AUTHORITY\LocalService","Manual","Stopped","C:\Windows\system32\svchost.exe -k LocalService -p","C:\Windows\system32\svchost.exe","-k LocalService -p","UnquotedExt","High","False","False","False","0","","[]","0","None"
"ShellHWDetection","Shell Hardware Detection","LocalSystem","Auto","Running","C:\Windows\System32\svchost.exe -k netsvcs -p","C:\Windows\System32\svchost.exe","-k netsvcs -p","UnquotedExt","High","False","False","False","0","","[]","0","None"
"smphost","Microsoft Storage Spaces SMP","NT AUTHORITY\NetworkService","Manual","Stopped","C:\Windows\System32\svchost.exe -k smphost","C:\Windows\System32\svchost.exe","-k smphost","UnquotedExt","High","False","False","False","0","","[]","0","None"
"SmsRouter","Microsoft Windows SMS Router Service.","NT Authority\LocalService","Manual","Stopped","C:\Windows\system32\svchost.exe -k LocalServiceNetworkRestricted -p","C:\Windows\system32\svchost.exe","-k LocalServiceNetworkRestricted -p","UnquotedExt","High","False","False","False","0","","[]","0","None"
"SNMPTRAP","SNMP Trap","NT AUTHORITY\LocalService","Manual","Stopped","C:\Windows\System32\snmptrap.exe","C:\Windows\System32\snmptrap.exe","","UnquotedExt","High","False","False","False","0","","[]","0","None"
"spectrum","Windows Perception Service","NT AUTHORITY\LocalService","Manual","Stopped","C:\Windows\system32\spectrum.exe","C:\Windows\system32\spectrum.exe","","UnquotedExt","High","False","False","False","0","","[]","0","None"
"Spooler","Print Spooler","LocalSystem","Auto","Running","C:\Windows\System32\spoolsv.exe","C:\Windows\System32\spoolsv.exe","","UnquotedExt","High","False","False","False","0","","[]","0","None"
"sppsvc","Software Protection","NT AUTHORITY\NetworkService","Auto","Stopped","C:\Windows\system32\sppsvc.exe","C:\Windows\system32\sppsvc.exe","","UnquotedExt","High","False","False","False","0","","[]","0","None"
"SSDPSRV","SSDP Discovery","NT AUTHORITY\LocalService","Manual","Running","C:\Windows\system32\svchost.exe -k LocalServiceAndNoImpersonation -p","C:\Windows\system32\svchost.exe","-k LocalServiceAndNoImpersonation -p","UnquotedExt","High","False","False","False","0","","[]","0","None"
"SstpSvc","Secure Socket Tunneling Protocol Service","NT Authority\LocalService","Manual","Stopped","C:\Windows\system32\svchost.exe -k LocalService -p","C:\Windows\system32\svchost.exe","-k LocalService -p","UnquotedExt","High","False","False","False","0","","[]","0","None"
"StateRepository","State Repository Service","LocalSystem","Manual","Running","C:\Windows\system32\svchost.exe -k appmodel -p","C:\Windows\system32\svchost.exe","-k appmodel -p","UnquotedExt","High","False","False","False","0","","[]","0","None"
"stisvc","Windows Image Acquisition (WIA)","NT Authority\LocalService","Manual","Stopped","C:\Windows\system32\svchost.exe -k imgsvc","C:\Windows\system32\svchost.exe","-k imgsvc","UnquotedExt","High","False","False","False","0","","[]","0","None"
"StorSvc","Storage Service","LocalSystem","Auto","Running","C:\Windows\System32\svchost.exe -k LocalSystemNetworkRestricted -p","C:\Windows\System32\svchost.exe","-k LocalSystemNetworkRestricted -p","UnquotedExt","High","False","False","False","0","","[]","0","None"
"svsvc","Spot Verifier","LocalSystem","Manual","Stopped","C:\Windows\system32\svchost.exe -k LocalSystemNetworkRestricted -p","C:\Windows\system32\svchost.exe","-k LocalSystemNetworkRestricted -p","UnquotedExt","High","False","False","False","0","","[]","0","None"
"swprv","Microsoft Software Shadow Copy Provider","LocalSystem","Manual","Stopped","C:\Windows\System32\svchost.exe -k swprv","C:\Windows\System32\svchost.exe","-k swprv","UnquotedExt","High","False","False","False","0","","[]","0","None"
"SysMain","SysMain","LocalSystem","Auto","Running","C:\Windows\system32\svchost.exe -k LocalSystemNetworkRestricted -p","C:\Windows\system32\svchost.exe","-k LocalSystemNetworkRestricted -p","UnquotedExt","High","False","False","False","0","","[]","0","None"
"SystemEventsBroker","System Events Broker","LocalSystem","Auto","Running","C:\Windows\system32\svchost.exe -k DcomLaunch -p","C:\Windows\system32\svchost.exe","-k DcomLaunch -p","UnquotedExt","High","False","False","False","0","","[]","0","None"
"TabletInputService","Touch Keyboard and Handwriting Panel Service","LocalSystem","Manual","Running","C:\Windows\System32\svchost.exe -k LocalSystemNetworkRestricted -p","C:\Windows\System32\svchost.exe","-k LocalSystemNetworkRestricted -p","UnquotedExt","High","False","False","False","0","","[]","0","None"
"TapiSrv","Telephony","NT AUTHORITY\NetworkService","Manual","Stopped","C:\Windows\System32\svchost.exe -k NetworkService -p","C:\Windows\System32\svchost.exe","-k NetworkService -p","UnquotedExt","High","False","False","False","0","","[]","0","None"
"TermService","Remote Desktop Services","NT Authority\NetworkService","Manual","Stopped","C:\Windows\System32\svchost.exe -k NetworkService","C:\Windows\System32\svchost.exe","-k NetworkService","UnquotedExt","High","False","False","False","0","","[]","0","None"
"Themes","Themes","LocalSystem","Auto","Running","C:\Windows\System32\svchost.exe -k netsvcs -p","C:\Windows\System32\svchost.exe","-k netsvcs -p","UnquotedExt","High","False","False","False","0","","[]","0","None"
"TieringEngineService","Storage Tiers Management","localSystem","Manual","Stopped","C:\Windows\system32\TieringEngineService.exe","C:\Windows\system32\TieringEngineService.exe","","UnquotedExt","High","False","False","False","0","","[]","0","None"
"TimeBrokerSvc","Time Broker","NT AUTHORITY\LocalService","Manual","Running","C:\Windows\system32\svchost.exe -k LocalServiceNetworkRestricted -p","C:\Windows\system32\svchost.exe","-k LocalServiceNetworkRestricted -p","UnquotedExt","High","False","False","False","0","","[]","0","None"
"TokenBroker","Web Account Manager","LocalSystem","Manual","Running","C:\Windows\system32\svchost.exe -k netsvcs -p","C:\Windows\system32\svchost.exe","-k netsvcs -p","UnquotedExt","High","False","False","False","0","","[]","0","None"
"TrkWks","Distributed Link Tracking Client","LocalSystem","Auto","Running","C:\Windows\System32\svchost.exe -k LocalSystemNetworkRestricted -p","C:\Windows\System32\svchost.exe","-k LocalSystemNetworkRestricted -p","UnquotedExt","High","False","False","False","0","","[]","0","None"
"TroubleshootingSvc","Recommended Troubleshooting Service","LocalSystem","Manual","Stopped","C:\Windows\system32\svchost.exe -k netsvcs -p","C:\Windows\system32\svchost.exe","-k netsvcs -p","UnquotedExt","High","False","False","False","0","","[]","0","None"
"TrustedInstaller","Windows Modules Installer","localSystem","Manual","Stopped","C:\Windows\servicing\TrustedInstaller.exe","C:\Windows\servicing\TrustedInstaller.exe","","UnquotedExt","High","False","False","False","0","","[]","0","None"
"UmRdpService","Remote Desktop Services UserMode Port Redirector","localSystem","Manual","Stopped","C:\Windows\System32\svchost.exe -k LocalSystemNetworkRestricted -p","C:\Windows\System32\svchost.exe","-k LocalSystemNetworkRestricted -p","UnquotedExt","High","False","False","False","0","","[]","0","None"
"upnphost","UPnP Device Host","NT AUTHORITY\LocalService","Manual","Stopped","C:\Windows\system32\svchost.exe -k LocalServiceAndNoImpersonation -p","C:\Windows\system32\svchost.exe","-k LocalServiceAndNoImpersonation -p","UnquotedExt","High","False","False","False","0","","[]","0","None"
"UserManager","User Manager","LocalSystem","Auto","Running","C:\Windows\system32\svchost.exe -k netsvcs -p","C:\Windows\system32\svchost.exe","-k netsvcs -p","UnquotedExt","High","False","False","False","0","","[]","0","None"
"UsoSvc","Update Orchestrator Service","LocalSystem","Auto","Running","C:\Windows\system32\svchost.exe -k netsvcs -p","C:\Windows\system32\svchost.exe","-k netsvcs -p","UnquotedExt","High","False","False","False","0","","[]","0","None"
"VacSvc","Volumetric Audio Compositor Service","NT AUTHORITY\LocalService","Manual","Stopped","C:\Windows\System32\svchost.exe -k LocalServiceNetworkRestricted -p","C:\Windows\System32\svchost.exe","-k LocalServiceNetworkRestricted -p","UnquotedExt","High","False","False","False","0","","[]","0","None"
"VaultSvc","Credential Manager","LocalSystem","Manual","Running","C:\Windows\system32\lsass.exe","C:\Windows\system32\lsass.exe","","UnquotedExt","High","False","False","False","0","","[]","0","None"
"VBoxService","VirtualBox Guest Additions Service","LocalSystem","Auto","Running","C:\Windows\System32\VBoxService.exe","C:\Windows\System32\VBoxService.exe","","UnquotedExt","High","False","False","False","0","","[]","0","None"
"vds","Virtual Disk","LocalSystem","Manual","Stopped","C:\Windows\System32\vds.exe","C:\Windows\System32\vds.exe","","UnquotedExt","High","False","False","False","0","","[]","0","None"
"vmicguestinterface","Hyper-V Guest Service Interface","LocalSystem","Manual","Stopped","C:\Windows\system32\svchost.exe -k LocalSystemNetworkRestricted -p","C:\Windows\system32\svchost.exe","-k LocalSystemNetworkRestricted -p","UnquotedExt","High","False","False","False","0","","[]","0","None"
"vmicheartbeat","Hyper-V Heartbeat Service","LocalSystem","Manual","Stopped","C:\Windows\system32\svchost.exe -k ICService -p","C:\Windows\system32\svchost.exe","-k ICService -p","UnquotedExt","High","False","False","False","0","","[]","0","None"
"vmickvpexchange","Hyper-V Data Exchange Service","LocalSystem","Manual","Stopped","C:\Windows\system32\svchost.exe -k LocalSystemNetworkRestricted -p","C:\Windows\system32\svchost.exe","-k LocalSystemNetworkRestricted -p","UnquotedExt","High","False","False","False","0","","[]","0","None"
"vmicrdv","Hyper-V Remote Desktop Virtualization Service","LocalSystem","Manual","Stopped","C:\Windows\system32\svchost.exe -k ICService -p","C:\Windows\system32\svchost.exe","-k ICService -p","UnquotedExt","High","False","False","False","0","","[]","0","None"
"vmicshutdown","Hyper-V Guest Shutdown Service","LocalSystem","Manual","Stopped","C:\Windows\system32\svchost.exe -k LocalSystemNetworkRestricted -p","C:\Windows\system32\svchost.exe","-k LocalSystemNetworkRestricted -p","UnquotedExt","High","False","False","False","0","","[]","0","None"
"vmictimesync","Hyper-V Time Synchronization Service","NT AUTHORITY\LocalService","Manual","Stopped","C:\Windows\system32\svchost.exe -k LocalServiceNetworkRestricted -p","C:\Windows\system32\svchost.exe","-k LocalServiceNetworkRestricted -p","UnquotedExt","High","False","False","False","0","","[]","0","None"
"vmicvmsession","Hyper-V PowerShell Direct Service","LocalSystem","Manual","Stopped","C:\Windows\system32\svchost.exe -k LocalSystemNetworkRestricted -p","C:\Windows\system32\svchost.exe","-k LocalSystemNetworkRestricted -p","UnquotedExt","High","False","False","False","0","","[]","0","None"
"vmicvss","Hyper-V Volume Shadow Copy Requestor","LocalSystem","Manual","Stopped","C:\Windows\system32\svchost.exe -k LocalSystemNetworkRestricted -p","C:\Windows\system32\svchost.exe","-k LocalSystemNetworkRestricted -p","UnquotedExt","High","False","False","False","0","","[]","0","None"
"VSS","Volume Shadow Copy","LocalSystem","Manual","Stopped","C:\Windows\system32\vssvc.exe","C:\Windows\system32\vssvc.exe","","UnquotedExt","High","False","False","False","0","","[]","0","None"
"W32Time","Windows Time","NT AUTHORITY\LocalService","Manual","Stopped","C:\Windows\system32\svchost.exe -k LocalService","C:\Windows\system32\svchost.exe","-k LocalService","UnquotedExt","High","False","False","False","0","","[]","0","None"
"WaaSMedicSvc","Windows Update Medic Service","LocalSystem","Manual","Running","C:\Windows\system32\svchost.exe -k wusvcs -p","C:\Windows\system32\svchost.exe","-k wusvcs -p","UnquotedExt","High","False","False","False","0","","[]","0","None"
"WalletService","WalletService","LocalSystem","Manual","Stopped","C:\Windows\System32\svchost.exe -k appmodel -p","C:\Windows\System32\svchost.exe","-k appmodel -p","UnquotedExt","High","False","False","False","0","","[]","0","None"
"WarpJITSvc","WarpJITSvc","NT Authority\LocalService","Manual","Stopped","C:\Windows\System32\svchost.exe -k LocalServiceNetworkRestricted","C:\Windows\System32\svchost.exe","-k LocalServiceNetworkRestricted","UnquotedExt","High","False","False","False","0","","[]","0","None"
"wbengine","Block Level Backup Engine Service","localSystem","Manual","Stopped","""C:\Windows\system32\wbengine.exe""","C:\Windows\system32\wbengine.exe","","Quoted","High","True","False","False","0","","[]","0","None"
"WbioSrvc","Windows Biometric Service","LocalSystem","Manual","Running","C:\Windows\system32\svchost.exe -k WbioSvcGroup","C:\Windows\system32\svchost.exe","-k WbioSvcGroup","UnquotedExt","High","False","False","False","0","","[]","0","None"
"Wcmsvc","Windows Connection Manager","NT Authority\LocalService","Auto","Running","C:\Windows\system32\svchost.exe -k LocalServiceNetworkRestricted -p","C:\Windows\system32\svchost.exe","-k LocalServiceNetworkRestricted -p","UnquotedExt","High","False","False","False","0","","[]","0","None"
"wcncsvc","Windows Connect Now - Config Registrar","NT AUTHORITY\LocalService","Manual","Stopped","C:\Windows\System32\svchost.exe -k LocalServiceAndNoImpersonation -p","C:\Windows\System32\svchost.exe","-k LocalServiceAndNoImpersonation -p","UnquotedExt","High","False","False","False","0","","[]","0","None"
"WdiServiceHost","Diagnostic Service Host","NT AUTHORITY\LocalService","Manual","Running","C:\Windows\System32\svchost.exe -k LocalService -p","C:\Windows\System32\svchost.exe","-k LocalService -p","UnquotedExt","High","False","False","False","0","","[]","0","None"
"WdiSystemHost","Diagnostic System Host","LocalSystem","Manual","Running","C:\Windows\System32\svchost.exe -k LocalSystemNetworkRestricted -p","C:\Windows\System32\svchost.exe","-k LocalSystemNetworkRestricted -p","UnquotedExt","High","False","False","False","0","","[]","0","None"
"WdNisSvc","Microsoft Defender Antivirus Network Inspection Service","NT AUTHORITY\LocalService","Manual","Running","""C:\Program Files\Windows Defender\NisSrv.exe""","C:\Program Files\Windows Defender\NisSrv.exe","","Quoted","High","True","False","True","0","","[]","0","None"
"WebClient","WebClient","NT AUTHORITY\LocalService","Manual","Stopped","C:\Windows\system32\svchost.exe -k LocalService -p","C:\Windows\system32\svchost.exe","-k LocalService -p","UnquotedExt","High","False","False","False","0","","[]","0","None"
"Wecsvc","Windows Event Collector","NT AUTHORITY\NetworkService","Manual","Stopped","C:\Windows\system32\svchost.exe -k NetworkService -p","C:\Windows\system32\svchost.exe","-k NetworkService -p","UnquotedExt","High","False","False","False","0","","[]","0","None"
"WEPHOSTSVC","Windows Encryption Provider Host Service","NT AUTHORITY\LocalService","Manual","Stopped","C:\Windows\system32\svchost.exe -k WepHostSvcGroup","C:\Windows\system32\svchost.exe","-k WepHostSvcGroup","UnquotedExt","High","False","False","False","0","","[]","0","None"
"wercplsupport","Problem Reports Control Panel Support","localSystem","Manual","Stopped","C:\Windows\System32\svchost.exe -k netsvcs -p","C:\Windows\System32\svchost.exe","-k netsvcs -p","UnquotedExt","High","False","False","False","0","","[]","0","None"
"WerSvc","Windows Error Reporting Service","localSystem","Manual","Stopped","C:\Windows\System32\svchost.exe -k WerSvcGroup","C:\Windows\System32\svchost.exe","-k WerSvcGroup","UnquotedExt","High","False","False","False","0","","[]","0","None"
"WFDSConMgrSvc","Wi-Fi Direct Services Connection Manager Service","NT AUTHORITY\LocalService","Manual","Stopped","C:\Windows\system32\svchost.exe -k LocalServiceNetworkRestricted -p","C:\Windows\system32\svchost.exe","-k LocalServiceNetworkRestricted -p","UnquotedExt","High","False","False","False","0","","[]","0","None"
"WiaRpc","Still Image Acquisition Events","LocalSystem","Manual","Stopped","C:\Windows\system32\svchost.exe -k LocalSystemNetworkRestricted -p","C:\Windows\system32\svchost.exe","-k LocalSystemNetworkRestricted -p","UnquotedExt","High","False","False","False","0","","[]","0","None"
"WinDefend","Microsoft Defender Antivirus Service","LocalSystem","Auto","Running","""C:\Program Files\Windows Defender\MsMpEng.exe""","C:\Program Files\Windows Defender\MsMpEng.exe","","Quoted","High","True","False","True","0","","[]","0","None"
"WinHttpAutoProxySvc","WinHTTP Web Proxy Auto-Discovery Service","NT AUTHORITY\LocalService","Manual","Running","C:\Windows\system32\svchost.exe -k LocalServiceNetworkRestricted -p","C:\Windows\system32\svchost.exe","-k LocalServiceNetworkRestricted -p","UnquotedExt","High","False","False","False","0","","[]","0","None"
"Winmgmt","Windows Management Instrumentation","localSystem","Auto","Running","C:\Windows\system32\svchost.exe -k netsvcs -p","C:\Windows\system32\svchost.exe","-k netsvcs -p","UnquotedExt","High","False","False","False","0","","[]","0","None"
"WinRM","Windows Remote Management (WS-Management)","NT AUTHORITY\NetworkService","Manual","Stopped","C:\Windows\System32\svchost.exe -k NetworkService -p","C:\Windows\System32\svchost.exe","-k NetworkService -p","UnquotedExt","High","False","False","False","0","","[]","0","None"
"wisvc","Windows Insider Service","LocalSystem","Manual","Stopped","C:\Windows\system32\svchost.exe -k netsvcs -p","C:\Windows\system32\svchost.exe","-k netsvcs -p","UnquotedExt","High","False","False","False","0","","[]","0","None"
"WlanSvc","WLAN AutoConfig","LocalSystem","Manual","Stopped","C:\Windows\system32\svchost.exe -k LocalSystemNetworkRestricted -p","C:\Windows\system32\svchost.exe","-k LocalSystemNetworkRestricted -p","UnquotedExt","High","False","False","False","0","","[]","0","None"
"wlidsvc","Microsoft Account Sign-in Assistant","LocalSystem","Manual","Running","C:\Windows\system32\svchost.exe -k netsvcs -p","C:\Windows\system32\svchost.exe","-k netsvcs -p","UnquotedExt","High","False","False","False","0","","[]","0","None"
"wlpasvc","Local Profile Assistant Service","NT Authority\LocalService","Manual","Stopped","C:\Windows\system32\svchost.exe -k LocalServiceNetworkRestricted -p","C:\Windows\system32\svchost.exe","-k LocalServiceNetworkRestricted -p","UnquotedExt","High","False","False","False","0","","[]","0","None"
"WManSvc","Windows Management Service","LocalSystem","Manual","Stopped","C:\Windows\system32\svchost.exe -k netsvcs -p","C:\Windows\system32\svchost.exe","-k netsvcs -p","UnquotedExt","High","False","False","False","0","","[]","0","None"
"wmiApSrv","WMI Performance Adapter","localSystem","Manual","Stopped","C:\Windows\system32\wbem\WmiApSrv.exe","C:\Windows\system32\wbem\WmiApSrv.exe","","UnquotedExt","High","False","False","False","0","","[]","0","None"
"WMPNetworkSvc","Windows Media Player Network Sharing Service","NT AUTHORITY\NetworkService","Manual","Stopped","""C:\Program Files\Windows Media Player\wmpnetwk.exe""","C:\Program Files\Windows Media Player\wmpnetwk.exe","","Quoted","High","True","False","True","0","","[]","0","None"
"workfolderssvc","Work Folders","NT AUTHORITY\LocalService","Manual","Stopped","C:\Windows\System32\svchost.exe -k LocalService -p","C:\Windows\System32\svchost.exe","-k LocalService -p","UnquotedExt","High","False","False","False","0","","[]","0","None"
"WpcMonSvc","Parental Controls","LocalSystem","Manual","Stopped","C:\Windows\system32\svchost.exe -k LocalService","C:\Windows\system32\svchost.exe","-k LocalService","UnquotedExt","High","False","False","False","0","","[]","0","None"
"WPDBusEnum","Portable Device Enumerator Service","LocalSystem","Manual","Stopped","C:\Windows\system32\svchost.exe -k LocalSystemNetworkRestricted","C:\Windows\system32\svchost.exe","-k LocalSystemNetworkRestricted","UnquotedExt","High","False","False","False","0","","[]","0","None"
"WpnService","Windows Push Notifications System Service","LocalSystem","Auto","Running","C:\Windows\system32\svchost.exe -k netsvcs -p","C:\Windows\system32\svchost.exe","-k netsvcs -p","UnquotedExt","High","False","False","False","0","","[]","0","None"
"wscsvc","Security Center","NT AUTHORITY\LocalService","Auto","Running","C:\Windows\System32\svchost.exe -k LocalServiceNetworkRestricted -p","C:\Windows\System32\svchost.exe","-k LocalServiceNetworkRestricted -p","UnquotedExt","High","False","False","False","0","","[]","0","None"
"WSearch","Windows Search","LocalSystem","Auto","Running","C:\Windows\system32\SearchIndexer.exe /Embedding","C:\Windows\system32\SearchIndexer.exe","/Embedding","UnquotedExt","High","False","False","False","0","","[]","0","None"
"wuauserv","Windows Update","LocalSystem","Manual","Running","C:\Windows\system32\svchost.exe -k netsvcs -p","C:\Windows\system32\svchost.exe","-k netsvcs -p","UnquotedExt","High","False","False","False","0","","[]","0","None"
"WwanSvc","WWAN AutoConfig","localSystem","Manual","Stopped","C:\Windows\system32\svchost.exe -k LocalSystemNetworkRestricted -p","C:\Windows\system32\svchost.exe","-k LocalSystemNetworkRestricted -p","UnquotedExt","High","False","False","False","0","","[]","0","None"
"XblAuthManager","Xbox Live Auth Manager","LocalSystem","Manual","Stopped","C:\Windows\system32\svchost.exe -k netsvcs -p","C:\Windows\system32\svchost.exe","-k netsvcs -p","UnquotedExt","High","False","False","False","0","","[]","0","None"
"XblGameSave","Xbox Live Game Save","LocalSystem","Manual","Stopped","C:\Windows\system32\svchost.exe -k netsvcs -p","C:\Windows\system32\svchost.exe","-k netsvcs -p","UnquotedExt","High","False","False","False","0","","[]","0","None"
"XboxGipSvc","Xbox Accessory Management Service","LocalSystem","Manual","Stopped","C:\Windows\system32\svchost.exe -k netsvcs -p","C:\Windows\system32\svchost.exe","-k netsvcs -p","UnquotedExt","High","False","False","False","0","","[]","0","None"
"XboxNetApiSvc","Xbox Live Networking Service","LocalSystem","Manual","Stopped","C:\Windows\system32\svchost.exe -k netsvcs -p","C:\Windows\system32\svchost.exe","-k netsvcs -p","UnquotedExt","High","False","False","False","0","","[]","0","None"
"AarSvc_2ef39","Agent Activation Runtime_2ef39",,"Manual","Stopped","C:\Windows\system32\svchost.exe -k AarSvcGroup -p","C:\Windows\system32\svchost.exe","-k AarSvcGroup -p","UnquotedExt","High","False","False","False","0","","[]","0","None"
"BcastDVRUserService_2ef39","GameDVR and Broadcast User Service_2ef39",,"Manual","Stopped","C:\Windows\system32\svchost.exe -k BcastDVRUserService","C:\Windows\system32\svchost.exe","-k BcastDVRUserService","UnquotedExt","High","False","False","False","0","","[]","0","None"
"BluetoothUserService_2ef39","Bluetooth User Support Service_2ef39",,"Manual","Stopped","C:\Windows\system32\svchost.exe -k BthAppGroup -p","C:\Windows\system32\svchost.exe","-k BthAppGroup -p","UnquotedExt","High","False","False","False","0","","[]","0","None"
"CaptureService_2ef39","CaptureService_2ef39",,"Manual","Stopped","C:\Windows\system32\svchost.exe -k LocalService -p","C:\Windows\system32\svchost.exe","-k LocalService -p","UnquotedExt","High","False","False","False","0","","[]","0","None"
"cbdhsvc_2ef39","Clipboard User Service_2ef39",,"Manual","Running","C:\Windows\system32\svchost.exe -k ClipboardSvcGroup -p","C:\Windows\system32\svchost.exe","-k ClipboardSvcGroup -p","UnquotedExt","High","False","False","False","0","","[]","0","None"
"CDPUserSvc_2ef39","Connected Devices Platform User Service_2ef39",,"Auto","Running","C:\Windows\system32\svchost.exe -k UnistackSvcGroup","C:\Windows\system32\svchost.exe","-k UnistackSvcGroup","UnquotedExt","High","False","False","False","0","","[]","0","None"
"ConsentUxUserSvc_2ef39","ConsentUX_2ef39",,"Manual","Stopped","C:\Windows\system32\svchost.exe -k DevicesFlow","C:\Windows\system32\svchost.exe","-k DevicesFlow","UnquotedExt","High","False","False","False","0","","[]","0","None"
"CredentialEnrollmentManagerUserSvc_2ef39","CredentialEnrollmentManagerUserSvc_2ef39",,"Manual","Stopped","C:\Windows\system32\CredentialEnrollmentManager.exe","C:\Windows\system32\CredentialEnrollmentManager.exe","","UnquotedExt","High","False","False","False","0","","[]","0","None"
"DeviceAssociationBrokerSvc_2ef39","DeviceAssociationBroker_2ef39",,"Manual","Stopped","C:\Windows\system32\svchost.exe -k DevicesFlow -p","C:\Windows\system32\svchost.exe","-k DevicesFlow -p","UnquotedExt","High","False","False","False","0","","[]","0","None"
"DevicePickerUserSvc_2ef39","DevicePicker_2ef39",,"Manual","Stopped","C:\Windows\system32\svchost.exe -k DevicesFlow","C:\Windows\system32\svchost.exe","-k DevicesFlow","UnquotedExt","High","False","False","False","0","","[]","0","None"
"DevicesFlowUserSvc_2ef39","DevicesFlow_2ef39",,"Manual","Stopped","C:\Windows\system32\svchost.exe -k DevicesFlow","C:\Windows\system32\svchost.exe","-k DevicesFlow","UnquotedExt","High","False","False","False","0","","[]","0","None"
"MessagingService_2ef39","MessagingService_2ef39",,"Manual","Stopped","C:\Windows\system32\svchost.exe -k UnistackSvcGroup","C:\Windows\system32\svchost.exe","-k UnistackSvcGroup","UnquotedExt","High","False","False","False","0","","[]","0","None"
"OneSyncSvc_2ef39","Sync Host_2ef39",,"Auto","Running","C:\Windows\system32\svchost.exe -k UnistackSvcGroup","C:\Windows\system32\svchost.exe","-k UnistackSvcGroup","UnquotedExt","High","False","False","False","0","","[]","0","None"
"PimIndexMaintenanceSvc_2ef39","Contact Data_2ef39",,"Manual","Running","C:\Windows\system32\svchost.exe -k UnistackSvcGroup","C:\Windows\system32\svchost.exe","-k UnistackSvcGroup","UnquotedExt","High","False","False","False","0","","[]","0","None"
"PrintWorkflowUserSvc_2ef39","PrintWorkflow_2ef39",,"Manual","Stopped","C:\Windows\system32\svchost.exe -k PrintWorkflow","C:\Windows\system32\svchost.exe","-k PrintWorkflow","UnquotedExt","High","False","False","False","0","","[]","0","None"
"UdkUserSvc_2ef39","Udk User Service_2ef39",,"Manual","Stopped","C:\Windows\system32\svchost.exe -k UdkSvcGroup","C:\Windows\system32\svchost.exe","-k UdkSvcGroup","UnquotedExt","High","False","False","False","0","","[]","0","None"
"UnistoreSvc_2ef39","User Data Storage_2ef39",,"Manual","Running","C:\Windows\System32\svchost.exe -k UnistackSvcGroup","C:\Windows\System32\svchost.exe","-k UnistackSvcGroup","UnquotedExt","High","False","False","False","0","","[]","0","None"
"UserDataSvc_2ef39","User Data Access_2ef39",,"Manual","Running","C:\Windows\system32\svchost.exe -k UnistackSvcGroup","C:\Windows\system32\svchost.exe","-k UnistackSvcGroup","UnquotedExt","High","False","False","False","0","","[]","0","None"
"WpnUserService_2ef39","Windows Push Notifications User Service_2ef39",,"Auto","Running","C:\Windows\system32\svchost.exe -k UnistackSvcGroup","C:\Windows\system32\svchost.exe","-k UnistackSvcGroup","UnquotedExt","High","False","False","False","0","","[]","0","None"
"SunshineService","Sunshine Service","LocalSystem","Auto","Running","C:\Program Files\Sunshine\tools\sunshinesvc.exe","C:\Program Files\Sunshine\tools\sunshinesvc.exe","","UnquotedExt","Medium","False","False","True","1","UnquotedPathPotential:Medium","{""Rule"":""UnquotedPathPotential"",""Severity"":""Medium"",""Category"":""TrustBoundary"",""Evidence"":""Unquoted executable path contains spaces: C:\\Program Files\\Sunshine\\tools\\sunshinesvc.exe"",""Recommendation"":""Quote the executable path in ImagePath and verify no writable locations exist in the path chain.""}","30","Medium"
